city_name,datetime,temperature,min_temperature,max_temperature,pressure,humidity,wind_speed,weather_description,cloudiness,precipitation,date,time,temp_range
New York,2024-06-12 12:00:00,29.23,28.08,29.23,1013.0,74.0,5.01,light rain,75,0.31,2024-06-12,12:00:00,1.1500000000000021
New York,2024-06-12 15:00:00,28.89,28.22,28.89,1012.0,73.0,5.36,light rain,72,0.35,2024-06-12,15:00:00,0.6700000000000017
New York,2024-06-12 18:00:00,27.87,27.19,27.87,1012.0,76.0,5.12,broken clouds,81,0.0,2024-06-12,18:00:00,0.6799999999999997
New York,2024-06-12 21:00:00,26.69,26.69,26.69,1014.0,80.0,4.7,overcast clouds,98,0.0,2024-06-12,21:00:00,0.0
New York,2024-06-13 00:00:00,26.38,26.38,26.38,1013.0,80.0,3.83,overcast clouds,98,0.0,2024-06-13,00:00:00,0.0
New York,2024-06-13 03:00:00,26.07,26.07,26.07,1012.0,82.0,3.07,overcast clouds,99,0.0,2024-06-13,03:00:00,0.0
New York,2024-06-13 06:00:00,25.91,25.91,25.91,1013.0,83.0,3.04,light rain,99,0.24,2024-06-13,06:00:00,0.0
New York,2024-06-13 09:00:00,27.89,27.89,27.89,1015.0,73.0,4.25,light rain,97,0.11,2024-06-13,09:00:00,0.0
New York,2024-06-13 12:00:00,28.58,28.58,28.58,1013.0,71.0,5.2,light rain,93,0.62,2024-06-13,12:00:00,0.0
New York,2024-06-13 15:00:00,27.6,27.6,27.6,1011.0,75.0,5.86,light rain,96,0.56,2024-06-13,15:00:00,0.0
New York,2024-06-13 18:00:00,26.76,26.76,26.76,1012.0,79.0,5.82,light rain,77,0.14,2024-06-13,18:00:00,0.0
New York,2024-06-13 21:00:00,26.01,26.01,26.01,1014.0,84.0,5.36,light rain,58,0.59,2024-06-13,21:00:00,0.0
New York,2024-06-14 00:00:00,25.53,25.53,25.53,1013.0,86.0,4.53,light rain,73,1.14,2024-06-14,00:00:00,0.0
New York,2024-06-14 03:00:00,25.04,25.04,25.04,1012.0,88.0,4.36,light rain,100,1.61,2024-06-14,03:00:00,0.0
New York,2024-06-14 06:00:00,25.17,25.17,25.17,1013.0,87.0,4.54,light rain,98,0.83,2024-06-14,06:00:00,0.0
New York,2024-06-14 09:00:00,27.04,27.04,27.04,1015.0,78.0,5.44,light rain,79,1.1,2024-06-14,09:00:00,0.0
New York,2024-06-14 12:00:00,28.03,28.03,28.03,1014.0,73.0,6.89,light rain,88,0.5,2024-06-14,12:00:00,0.0
New York,2024-06-14 15:00:00,27.93,27.93,27.93,1012.0,71.0,6.87,light rain,90,0.14,2024-06-14,15:00:00,0.0
New York,2024-06-14 18:00:00,26.95,26.95,26.95,1012.0,77.0,6.2,overcast clouds,95,0.0,2024-06-14,18:00:00,0.0
New York,2024-06-14 21:00:00,26.55,26.55,26.55,1014.0,78.0,5.42,overcast clouds,100,0.0,2024-06-14,21:00:00,0.0
New York,2024-06-15 00:00:00,26.34,26.34,26.34,1013.0,78.0,5.48,light rain,99,0.11,2024-06-15,00:00:00,0.0
New York,2024-06-15 03:00:00,26.01,26.01,26.01,1012.0,80.0,4.9,light rain,100,0.15,2024-06-15,03:00:00,0.0
New York,2024-06-15 06:00:00,25.81,25.81,25.81,1012.0,81.0,4.98,overcast clouds,100,0.0,2024-06-15,06:00:00,0.0
New York,2024-06-15 09:00:00,27.28,27.28,27.28,1014.0,74.0,5.5,overcast clouds,88,0.0,2024-06-15,09:00:00,0.0
New York,2024-06-15 12:00:00,28.54,28.54,28.54,1012.0,69.0,6.62,broken clouds,82,0.0,2024-06-15,12:00:00,0.0
New York,2024-06-15 15:00:00,28.11,28.11,28.11,1011.0,72.0,7.53,broken clouds,79,0.0,2024-06-15,15:00:00,0.0
New York,2024-06-15 18:00:00,26.9,26.9,26.9,1012.0,78.0,6.63,overcast clouds,88,0.0,2024-06-15,18:00:00,0.0
New York,2024-06-15 21:00:00,26.59,26.59,26.59,1013.0,80.0,6.39,light rain,96,0.31,2024-06-15,21:00:00,0.0
New York,2024-06-16 00:00:00,26.13,26.13,26.13,1013.0,81.0,5.57,light rain,96,0.27,2024-06-16,00:00:00,0.0
New York,2024-06-16 03:00:00,25.36,25.36,25.36,1011.0,85.0,5.13,light rain,93,0.38,2024-06-16,03:00:00,0.0
New York,2024-06-16 06:00:00,25.41,25.41,25.41,1012.0,85.0,4.87,light rain,95,0.11,2024-06-16,06:00:00,0.0
New York,2024-06-16 09:00:00,26.75,26.75,26.75,1013.0,78.0,5.18,light rain,96,0.17,2024-06-16,09:00:00,0.0
New York,2024-06-16 12:00:00,26.49,26.49,26.49,1013.0,78.0,5.15,light rain,98,0.4,2024-06-16,12:00:00,0.0
New York,2024-06-16 15:00:00,26.45,26.45,26.45,1011.0,78.0,5.07,overcast clouds,100,0.0,2024-06-16,15:00:00,0.0
New York,2024-06-16 18:00:00,26.23,26.23,26.23,1011.0,80.0,4.79,overcast clouds,100,0.0,2024-06-16,18:00:00,0.0
New York,2024-06-16 21:00:00,25.96,25.96,25.96,1013.0,82.0,3.72,overcast clouds,100,0.0,2024-06-16,21:00:00,0.0
New York,2024-06-17 00:00:00,25.97,25.97,25.97,1012.0,82.0,3.81,overcast clouds,100,0.0,2024-06-17,00:00:00,0.0
New York,2024-06-17 03:00:00,25.51,25.51,25.51,1011.0,83.0,2.72,overcast clouds,100,0.0,2024-06-17,03:00:00,0.0
New York,2024-06-17 06:00:00,25.03,25.03,25.03,1012.0,85.0,2.8,light rain,100,0.19,2024-06-17,06:00:00,0.0
New York,2024-06-17 09:00:00,27.1,27.1,27.1,1013.0,75.0,2.96,light rain,100,0.16,2024-06-17,09:00:00,0.0
Los Angeles,2024-06-12 12:00:00,28.2,28.2,28.2,1013.0,70.0,1.38,light rain,99,0.72,2024-06-12,12:00:00,0.0
Los Angeles,2024-06-12 15:00:00,28.35,28.35,28.65,1012.0,71.0,1.4,light rain,90,1.61,2024-06-12,15:00:00,0.29999999999999716
Los Angeles,2024-06-12 18:00:00,25.67,24.41,25.67,1012.0,84.0,1.55,light rain,86,2.69,2024-06-12,18:00:00,1.2600000000000016
Los Angeles,2024-06-12 21:00:00,22.79,22.79,22.79,1014.0,97.0,2.61,light rain,95,0.26,2024-06-12,21:00:00,0.0
Los Angeles,2024-06-13 00:00:00,22.02,22.02,22.02,1014.0,99.0,1.43,overcast clouds,94,0.0,2024-06-13,00:00:00,0.0
Los Angeles,2024-06-13 03:00:00,21.55,21.55,21.55,1013.0,99.0,1.55,overcast clouds,100,0.0,2024-06-13,03:00:00,0.0
Los Angeles,2024-06-13 06:00:00,21.33,21.33,21.33,1014.0,99.0,1.47,overcast clouds,100,0.0,2024-06-13,06:00:00,0.0
Los Angeles,2024-06-13 09:00:00,25.38,25.38,25.38,1015.0,80.0,2.55,overcast clouds,100,0.0,2024-06-13,09:00:00,0.0
Los Angeles,2024-06-13 12:00:00,28.68,28.68,28.68,1013.0,66.0,1.98,light rain,100,0.27,2024-06-13,12:00:00,0.0
Los Angeles,2024-06-13 15:00:00,27.97,27.97,27.97,1011.0,79.0,1.89,light rain,96,1.58,2024-06-13,15:00:00,0.0
Los Angeles,2024-06-13 18:00:00,24.28,24.28,24.28,1012.0,94.0,1.66,moderate rain,93,4.6,2024-06-13,18:00:00,0.0
Los Angeles,2024-06-13 21:00:00,22.81,22.81,22.81,1014.0,98.0,2.4,moderate rain,100,4.11,2024-06-13,21:00:00,0.0
Los Angeles,2024-06-14 00:00:00,22.22,22.22,22.22,1014.0,99.0,2.04,overcast clouds,100,0.0,2024-06-14,00:00:00,0.0
Los Angeles,2024-06-14 03:00:00,21.95,21.95,21.95,1013.0,99.0,2.15,overcast clouds,99,0.0,2024-06-14,03:00:00,0.0
Los Angeles,2024-06-14 06:00:00,21.99,21.99,21.99,1014.0,99.0,1.74,overcast clouds,99,0.0,2024-06-14,06:00:00,0.0
Los Angeles,2024-06-14 09:00:00,25.07,25.07,25.07,1016.0,86.0,2.62,light rain,95,0.2,2024-06-14,09:00:00,0.0
Los Angeles,2024-06-14 12:00:00,27.53,27.53,27.53,1014.0,77.0,2.74,light rain,84,1.4,2024-06-14,12:00:00,0.0
Los Angeles,2024-06-14 15:00:00,28.67,28.67,28.67,1011.0,69.0,3.18,light rain,85,0.85,2024-06-14,15:00:00,0.0
Los Angeles,2024-06-14 18:00:00,24.76,24.76,24.76,1012.0,89.0,2.69,light rain,92,0.74,2024-06-14,18:00:00,0.0
Los Angeles,2024-06-14 21:00:00,22.76,22.76,22.76,1014.0,96.0,1.97,overcast clouds,89,0.0,2024-06-14,21:00:00,0.0
Los Angeles,2024-06-15 00:00:00,22.16,22.16,22.16,1013.0,97.0,2.09,broken clouds,78,0.0,2024-06-15,00:00:00,0.0
Los Angeles,2024-06-15 03:00:00,21.61,21.61,21.61,1013.0,99.0,1.58,overcast clouds,94,0.0,2024-06-15,03:00:00,0.0
Los Angeles,2024-06-15 06:00:00,21.38,21.38,21.38,1014.0,99.0,1.44,overcast clouds,90,0.0,2024-06-15,06:00:00,0.0
Los Angeles,2024-06-15 09:00:00,26.28,26.28,26.28,1014.0,74.0,3.44,broken clouds,75,0.0,2024-06-15,09:00:00,0.0
Los Angeles,2024-06-15 12:00:00,29.02,29.02,29.02,1012.0,62.0,2.9,broken clouds,83,0.0,2024-06-15,12:00:00,0.0
Los Angeles,2024-06-15 15:00:00,30.29,30.29,30.29,1010.0,57.0,2.34,overcast clouds,89,0.0,2024-06-15,15:00:00,0.0
Los Angeles,2024-06-15 18:00:00,25.87,25.87,25.87,1011.0,82.0,2.27,light rain,86,0.41,2024-06-15,18:00:00,0.0
Los Angeles,2024-06-15 21:00:00,23.01,23.01,23.01,1013.0,94.0,2.61,light rain,74,0.3,2024-06-15,21:00:00,0.0
Los Angeles,2024-06-16 00:00:00,22.15,22.15,22.15,1013.0,97.0,2.29,light rain,78,0.57,2024-06-16,00:00:00,0.0
Los Angeles,2024-06-16 03:00:00,21.8,21.8,21.8,1012.0,98.0,1.98,light rain,81,0.21,2024-06-16,03:00:00,0.0
Los Angeles,2024-06-16 06:00:00,21.8,21.8,21.8,1013.0,98.0,1.54,overcast clouds,91,0.0,2024-06-16,06:00:00,0.0
Los Angeles,2024-06-16 09:00:00,24.65,24.65,24.65,1014.0,85.0,2.59,light rain,100,0.15,2024-06-16,09:00:00,0.0
Los Angeles,2024-06-16 12:00:00,27.42,27.42,27.42,1012.0,73.0,2.28,light rain,100,0.58,2024-06-16,12:00:00,0.0
Los Angeles,2024-06-16 15:00:00,25.73,25.73,25.73,1010.0,87.0,2.93,moderate rain,92,3.1,2024-06-16,15:00:00,0.0
Los Angeles,2024-06-16 18:00:00,24.71,24.71,24.71,1011.0,85.0,2.63,light rain,90,0.42,2024-06-16,18:00:00,0.0
Los Angeles,2024-06-16 21:00:00,22.79,22.79,22.79,1013.0,94.0,2.43,broken clouds,81,0.0,2024-06-16,21:00:00,0.0
Los Angeles,2024-06-17 00:00:00,22.34,22.34,22.34,1013.0,96.0,1.43,overcast clouds,90,0.0,2024-06-17,00:00:00,0.0
Los Angeles,2024-06-17 03:00:00,21.66,21.66,21.66,1012.0,97.0,1.14,light rain,100,0.17,2024-06-17,03:00:00,0.0
Los Angeles,2024-06-17 06:00:00,21.72,21.72,21.72,1013.0,97.0,1.48,light rain,100,0.15,2024-06-17,06:00:00,0.0
Los Angeles,2024-06-17 09:00:00,22.88,22.88,22.88,1014.0,94.0,0.95,overcast clouds,100,0.0,2024-06-17,09:00:00,0.0
Chicago,2024-06-12 12:00:00,31.11,31.11,31.11,1012.0,53.0,2.77,overcast clouds,100,0.0,2024-06-12,12:00:00,0.0
Chicago,2024-06-12 15:00:00,32.15,32.15,34.22,1011.0,49.0,0.35,overcast clouds,92,0.0,2024-06-12,15:00:00,2.0700000000000003
Chicago,2024-06-12 18:00:00,31.84,31.84,32.2,1010.0,49.0,0.47,broken clouds,78,0.0,2024-06-12,18:00:00,0.360000000000003
Chicago,2024-06-12 21:00:00,29.97,29.97,29.97,1011.0,52.0,1.26,scattered clouds,29,0.0,2024-06-12,21:00:00,0.0
Chicago,2024-06-13 00:00:00,27.92,27.92,27.92,1012.0,65.0,3.17,scattered clouds,47,0.0,2024-06-13,00:00:00,0.0
Chicago,2024-06-13 03:00:00,26.3,26.3,26.3,1011.0,76.0,3.87,few clouds,21,0.0,2024-06-13,03:00:00,0.0
Chicago,2024-06-13 06:00:00,24.77,24.77,24.77,1013.0,85.0,3.49,light rain,14,0.23,2024-06-13,06:00:00,0.0
Chicago,2024-06-13 09:00:00,28.84,28.84,28.84,1014.0,66.0,4.18,few clouds,14,0.0,2024-06-13,09:00:00,0.0
Chicago,2024-06-13 12:00:00,33.42,33.42,33.42,1012.0,48.0,2.97,scattered clouds,28,0.0,2024-06-13,12:00:00,0.0
Chicago,2024-06-13 15:00:00,32.88,32.88,32.88,1009.0,48.0,2.04,overcast clouds,88,0.0,2024-06-13,15:00:00,0.0
Chicago,2024-06-13 18:00:00,30.94,30.94,30.94,1010.0,57.0,1.96,overcast clouds,88,0.0,2024-06-13,18:00:00,0.0
Chicago,2024-06-13 21:00:00,29.16,29.16,29.16,1011.0,62.0,3.22,light rain,75,0.21,2024-06-13,21:00:00,0.0
Chicago,2024-06-14 00:00:00,26.47,26.47,26.47,1012.0,78.0,3.09,light rain,74,0.46,2024-06-14,00:00:00,0.0
Chicago,2024-06-14 03:00:00,25.11,25.11,25.11,1011.0,85.0,3.14,light rain,80,0.27,2024-06-14,03:00:00,0.0
Chicago,2024-06-14 06:00:00,24.33,24.33,24.33,1012.0,88.0,3.49,overcast clouds,90,0.0,2024-06-14,06:00:00,0.0
Chicago,2024-06-14 09:00:00,27.37,27.37,27.37,1014.0,72.0,4.31,light rain,85,0.12,2024-06-14,09:00:00,0.0
Chicago,2024-06-14 12:00:00,28.74,28.74,28.74,1012.0,65.0,4.0,overcast clouds,93,0.0,2024-06-14,12:00:00,0.0
Chicago,2024-06-14 15:00:00,32.4,32.4,32.4,1009.0,50.0,3.36,overcast clouds,100,0.0,2024-06-14,15:00:00,0.0
Chicago,2024-06-14 18:00:00,30.74,30.74,30.74,1010.0,56.0,2.43,overcast clouds,95,0.0,2024-06-14,18:00:00,0.0
Chicago,2024-06-14 21:00:00,28.78,28.78,28.78,1011.0,62.0,2.8,overcast clouds,99,0.0,2024-06-14,21:00:00,0.0
Chicago,2024-06-15 00:00:00,27.12,27.12,27.12,1011.0,69.0,3.25,broken clouds,74,0.0,2024-06-15,00:00:00,0.0
Chicago,2024-06-15 03:00:00,25.01,25.01,25.01,1011.0,84.0,3.53,light rain,17,0.85,2024-06-15,03:00:00,0.0
Chicago,2024-06-15 06:00:00,24.0,24.0,24.0,1012.0,87.0,3.93,scattered clouds,27,0.0,2024-06-15,06:00:00,0.0
Chicago,2024-06-15 09:00:00,27.95,27.95,27.95,1013.0,68.0,5.37,scattered clouds,46,0.0,2024-06-15,09:00:00,0.0
Chicago,2024-06-15 12:00:00,32.79,32.79,32.79,1010.0,49.0,4.84,broken clouds,60,0.0,2024-06-15,12:00:00,0.0
Chicago,2024-06-15 15:00:00,34.87,34.87,34.87,1008.0,41.0,3.71,overcast clouds,100,0.0,2024-06-15,15:00:00,0.0
Chicago,2024-06-15 18:00:00,32.11,32.11,32.11,1008.0,49.0,2.06,overcast clouds,98,0.0,2024-06-15,18:00:00,0.0
Chicago,2024-06-15 21:00:00,29.62,29.62,29.62,1010.0,58.0,3.98,light rain,94,0.11,2024-06-15,21:00:00,0.0
Chicago,2024-06-16 00:00:00,25.5,25.5,25.5,1011.0,82.0,3.84,light rain,92,1.67,2024-06-16,00:00:00,0.0
Chicago,2024-06-16 03:00:00,25.26,25.26,25.26,1010.0,83.0,3.69,light rain,99,0.74,2024-06-16,03:00:00,0.0
Chicago,2024-06-16 06:00:00,24.56,24.56,24.56,1011.0,88.0,3.44,overcast clouds,98,0.0,2024-06-16,06:00:00,0.0
Chicago,2024-06-16 09:00:00,27.63,27.63,27.63,1013.0,71.0,4.78,broken clouds,84,0.0,2024-06-16,09:00:00,0.0
Chicago,2024-06-16 12:00:00,28.89,28.89,28.89,1011.0,64.0,4.53,overcast clouds,92,0.0,2024-06-16,12:00:00,0.0
Chicago,2024-06-16 15:00:00,30.94,30.94,30.94,1008.0,55.0,4.03,overcast clouds,97,0.0,2024-06-16,15:00:00,0.0
Chicago,2024-06-16 18:00:00,29.65,29.65,29.65,1008.0,60.0,2.39,overcast clouds,94,0.0,2024-06-16,18:00:00,0.0
Chicago,2024-06-16 21:00:00,25.72,25.72,25.72,1010.0,79.0,3.07,light rain,100,1.61,2024-06-16,21:00:00,0.0
Chicago,2024-06-17 00:00:00,24.76,24.76,24.76,1012.0,86.0,3.56,light rain,96,0.56,2024-06-17,00:00:00,0.0
Chicago,2024-06-17 03:00:00,24.2,24.2,24.2,1011.0,90.0,3.12,light rain,100,1.01,2024-06-17,03:00:00,0.0
Chicago,2024-06-17 06:00:00,23.8,23.8,23.8,1012.0,91.0,3.08,light rain,100,0.18,2024-06-17,06:00:00,0.0
Chicago,2024-06-17 09:00:00,27.09,27.09,27.09,1013.0,73.0,4.14,overcast clouds,100,0.0,2024-06-17,09:00:00,0.0
Houston,2024-06-12 12:00:00,29.9,29.9,29.9,1013.0,62.0,1.43,light rain,85,0.84,2024-06-12,12:00:00,0.0
Houston,2024-06-12 15:00:00,30.31,30.31,31.14,1012.0,59.0,1.21,light rain,86,0.71,2024-06-12,15:00:00,0.8300000000000018
Houston,2024-06-12 18:00:00,27.5,26.3,27.5,1012.0,74.0,2.15,light rain,84,0.76,2024-06-12,18:00:00,1.1999999999999993
Houston,2024-06-12 21:00:00,22.99,22.99,22.99,1013.0,95.0,1.95,light rain,96,0.37,2024-06-12,21:00:00,0.0
Houston,2024-06-13 00:00:00,22.26,22.26,22.26,1014.0,98.0,1.71,light rain,96,0.44,2024-06-13,00:00:00,0.0
Houston,2024-06-13 03:00:00,21.7,21.7,21.7,1013.0,99.0,1.85,overcast clouds,100,0.0,2024-06-13,03:00:00,0.0
Houston,2024-06-13 06:00:00,21.19,21.19,21.19,1014.0,99.0,1.74,overcast clouds,100,0.0,2024-06-13,06:00:00,0.0
Houston,2024-06-13 09:00:00,26.14,26.14,26.14,1015.0,75.0,2.78,overcast clouds,95,0.0,2024-06-13,09:00:00,0.0
Houston,2024-06-13 12:00:00,28.53,28.53,28.53,1013.0,68.0,2.23,light rain,95,0.37,2024-06-13,12:00:00,0.0
Houston,2024-06-13 15:00:00,26.72,26.72,26.72,1011.0,87.0,1.18,moderate rain,100,3.62,2024-06-13,15:00:00,0.0
Houston,2024-06-13 18:00:00,24.62,24.62,24.62,1012.0,93.0,1.54,moderate rain,92,3.19,2024-06-13,18:00:00,0.0
Houston,2024-06-13 21:00:00,22.54,22.54,22.54,1014.0,97.0,2.04,light rain,97,0.42,2024-06-13,21:00:00,0.0
Houston,2024-06-14 00:00:00,22.16,22.16,22.16,1014.0,98.0,2.48,overcast clouds,98,0.0,2024-06-14,00:00:00,0.0
Houston,2024-06-14 03:00:00,21.97,21.97,21.97,1013.0,98.0,2.99,overcast clouds,100,0.0,2024-06-14,03:00:00,0.0
Houston,2024-06-14 06:00:00,22.02,22.02,22.02,1014.0,97.0,2.17,overcast clouds,100,0.0,2024-06-14,06:00:00,0.0
Houston,2024-06-14 09:00:00,23.95,23.95,23.95,1016.0,90.0,2.51,light rain,100,0.27,2024-06-14,09:00:00,0.0
Houston,2024-06-14 12:00:00,29.51,29.51,29.51,1013.0,61.0,2.42,light rain,93,0.18,2024-06-14,12:00:00,0.0
Houston,2024-06-14 15:00:00,29.81,29.81,29.81,1010.0,60.0,2.67,light rain,94,0.1,2024-06-14,15:00:00,0.0
Houston,2024-06-14 18:00:00,25.3,25.3,25.3,1012.0,87.0,2.62,light rain,94,0.6,2024-06-14,18:00:00,0.0
Houston,2024-06-14 21:00:00,23.11,23.11,23.11,1014.0,94.0,2.6,overcast clouds,98,0.0,2024-06-14,21:00:00,0.0
Houston,2024-06-15 00:00:00,22.36,22.36,22.36,1013.0,96.0,2.64,overcast clouds,99,0.0,2024-06-15,00:00:00,0.0
Houston,2024-06-15 03:00:00,22.26,22.26,22.26,1012.0,94.0,2.65,overcast clouds,99,0.0,2024-06-15,03:00:00,0.0
Houston,2024-06-15 06:00:00,22.04,22.04,22.04,1013.0,95.0,2.29,light rain,98,0.13,2024-06-15,06:00:00,0.0
Houston,2024-06-15 09:00:00,25.38,25.38,25.38,1014.0,77.0,3.38,overcast clouds,86,0.0,2024-06-15,09:00:00,0.0
Houston,2024-06-15 12:00:00,28.54,28.54,28.54,1012.0,61.0,2.61,overcast clouds,89,0.0,2024-06-15,12:00:00,0.0
Houston,2024-06-15 15:00:00,29.52,29.52,29.52,1010.0,60.0,2.38,overcast clouds,91,0.0,2024-06-15,15:00:00,0.0
Houston,2024-06-15 18:00:00,26.56,26.56,26.56,1011.0,73.0,1.66,overcast clouds,95,0.0,2024-06-15,18:00:00,0.0
Houston,2024-06-15 21:00:00,24.28,24.28,24.28,1013.0,86.0,2.7,light rain,99,0.15,2024-06-15,21:00:00,0.0
Houston,2024-06-16 00:00:00,22.45,22.45,22.45,1013.0,94.0,2.72,light rain,92,0.9,2024-06-16,00:00:00,0.0
Houston,2024-06-16 03:00:00,21.93,21.93,21.93,1012.0,96.0,2.39,light rain,99,1.57,2024-06-16,03:00:00,0.0
Houston,2024-06-16 06:00:00,21.58,21.58,21.58,1013.0,98.0,2.39,light rain,98,0.75,2024-06-16,06:00:00,0.0
Houston,2024-06-16 09:00:00,23.77,23.77,23.77,1014.0,90.0,2.46,light rain,100,0.52,2024-06-16,09:00:00,0.0
Houston,2024-06-16 12:00:00,28.26,28.26,28.26,1012.0,66.0,2.75,light rain,100,0.36,2024-06-16,12:00:00,0.0
Houston,2024-06-16 15:00:00,28.27,28.27,28.27,1009.0,74.0,1.44,light rain,86,1.07,2024-06-16,15:00:00,0.0
Houston,2024-06-16 18:00:00,23.64,23.64,23.64,1011.0,94.0,2.46,light rain,87,2.78,2024-06-16,18:00:00,0.0
Houston,2024-06-16 21:00:00,22.22,22.22,22.22,1012.0,97.0,3.1,light rain,78,0.33,2024-06-16,21:00:00,0.0
Houston,2024-06-17 00:00:00,22.01,22.01,22.01,1013.0,98.0,1.92,light rain,83,0.41,2024-06-17,00:00:00,0.0
Houston,2024-06-17 03:00:00,21.97,21.97,21.97,1012.0,98.0,1.87,overcast clouds,100,0.0,2024-06-17,03:00:00,0.0
Houston,2024-06-17 06:00:00,21.67,21.67,21.67,1013.0,99.0,1.27,overcast clouds,100,0.0,2024-06-17,06:00:00,0.0
Houston,2024-06-17 09:00:00,23.0,23.0,23.0,1014.0,93.0,1.7,light rain,100,0.1,2024-06-17,09:00:00,0.0
Phoenix,2024-06-12 12:00:00,27.59,27.59,27.59,1013.0,75.0,4.03,light rain,93,0.12,2024-06-12,12:00:00,0.0
Phoenix,2024-06-12 15:00:00,27.48,27.26,27.48,1012.0,76.0,5.18,overcast clouds,95,0.0,2024-06-12,15:00:00,0.21999999999999886
Phoenix,2024-06-12 18:00:00,26.87,26.51,26.87,1012.0,79.0,5.28,overcast clouds,97,0.0,2024-06-12,18:00:00,0.35999999999999943
Phoenix,2024-06-12 21:00:00,26.15,26.15,26.15,1014.0,83.0,4.35,overcast clouds,100,0.0,2024-06-12,21:00:00,0.0
Phoenix,2024-06-13 00:00:00,26.11,26.11,26.11,1013.0,82.0,4.49,overcast clouds,100,0.0,2024-06-13,00:00:00,0.0
Phoenix,2024-06-13 03:00:00,26.02,26.02,26.02,1012.0,81.0,4.01,overcast clouds,100,0.0,2024-06-13,03:00:00,0.0
Phoenix,2024-06-13 06:00:00,25.84,25.84,25.84,1013.0,82.0,3.54,light rain,100,0.38,2024-06-13,06:00:00,0.0
Phoenix,2024-06-13 09:00:00,27.63,27.63,27.63,1015.0,75.0,4.41,light rain,100,0.14,2024-06-13,09:00:00,0.0
Phoenix,2024-06-13 12:00:00,27.85,27.85,27.85,1014.0,75.0,5.04,light rain,97,0.79,2024-06-13,12:00:00,0.0
Phoenix,2024-06-13 15:00:00,27.42,27.42,27.42,1011.0,78.0,6.11,light rain,67,0.69,2024-06-13,15:00:00,0.0
Phoenix,2024-06-13 18:00:00,26.17,26.17,26.17,1012.0,84.0,6.07,light rain,53,0.83,2024-06-13,18:00:00,0.0
Phoenix,2024-06-13 21:00:00,25.68,25.68,25.68,1014.0,85.0,5.66,light rain,73,0.74,2024-06-13,21:00:00,0.0
Phoenix,2024-06-14 00:00:00,25.71,25.71,25.71,1014.0,84.0,5.03,light rain,73,0.64,2024-06-14,00:00:00,0.0
Phoenix,2024-06-14 03:00:00,25.49,25.49,25.49,1013.0,85.0,4.84,light rain,92,1.0,2024-06-14,03:00:00,0.0
Phoenix,2024-06-14 06:00:00,25.51,25.51,25.51,1013.0,85.0,5.33,light rain,95,0.9,2024-06-14,06:00:00,0.0
Phoenix,2024-06-14 09:00:00,26.77,26.77,26.77,1015.0,80.0,5.42,light rain,96,0.89,2024-06-14,09:00:00,0.0
Phoenix,2024-06-14 12:00:00,27.56,27.56,27.56,1014.0,77.0,6.43,light rain,89,0.95,2024-06-14,12:00:00,0.0
Phoenix,2024-06-14 15:00:00,27.51,27.51,27.51,1012.0,75.0,6.64,light rain,67,0.18,2024-06-14,15:00:00,0.0
Phoenix,2024-06-14 18:00:00,26.37,26.37,26.37,1012.0,79.0,6.26,broken clouds,78,0.0,2024-06-14,18:00:00,0.0
Phoenix,2024-06-14 21:00:00,26.11,26.11,26.11,1014.0,80.0,6.09,overcast clouds,96,0.0,2024-06-14,21:00:00,0.0
Phoenix,2024-06-15 00:00:00,25.91,25.91,25.91,1013.0,80.0,5.17,overcast clouds,96,0.0,2024-06-15,00:00:00,0.0
Phoenix,2024-06-15 03:00:00,25.81,25.81,25.81,1012.0,80.0,4.66,light rain,100,0.13,2024-06-15,03:00:00,0.0
Phoenix,2024-06-15 06:00:00,25.64,25.64,25.64,1013.0,82.0,4.44,overcast clouds,100,0.0,2024-06-15,06:00:00,0.0
Phoenix,2024-06-15 09:00:00,26.4,26.4,26.4,1014.0,79.0,4.9,overcast clouds,100,0.0,2024-06-15,09:00:00,0.0
Phoenix,2024-06-15 12:00:00,27.96,27.96,27.96,1013.0,73.0,5.79,overcast clouds,95,0.0,2024-06-15,12:00:00,0.0
Phoenix,2024-06-15 15:00:00,27.34,27.34,27.34,1011.0,76.0,7.69,light rain,45,0.13,2024-06-15,15:00:00,0.0
Phoenix,2024-06-15 18:00:00,26.38,26.38,26.38,1012.0,81.0,6.92,broken clouds,65,0.0,2024-06-15,18:00:00,0.0
Phoenix,2024-06-15 21:00:00,26.34,26.34,26.34,1013.0,80.0,6.06,overcast clouds,96,0.0,2024-06-15,21:00:00,0.0
Phoenix,2024-06-16 00:00:00,25.94,25.94,25.94,1013.0,81.0,5.24,overcast clouds,88,0.0,2024-06-16,00:00:00,0.0
Phoenix,2024-06-16 03:00:00,25.67,25.67,25.67,1011.0,83.0,4.56,light rain,91,0.11,2024-06-16,03:00:00,0.0
Phoenix,2024-06-16 06:00:00,25.57,25.57,25.57,1012.0,84.0,5.7,light rain,96,0.34,2024-06-16,06:00:00,0.0
Phoenix,2024-06-16 09:00:00,26.27,26.27,26.27,1014.0,81.0,4.69,overcast clouds,95,0.0,2024-06-16,09:00:00,0.0
Phoenix,2024-06-16 12:00:00,25.63,25.63,25.63,1013.0,83.0,4.86,light rain,97,0.68,2024-06-16,12:00:00,0.0
Phoenix,2024-06-16 15:00:00,25.6,25.6,25.6,1011.0,83.0,4.8,light rain,100,0.41,2024-06-16,15:00:00,0.0
Phoenix,2024-06-16 18:00:00,25.59,25.59,25.59,1012.0,84.0,4.48,overcast clouds,100,0.0,2024-06-16,18:00:00,0.0
Phoenix,2024-06-16 21:00:00,25.64,25.64,25.64,1013.0,83.0,4.43,overcast clouds,100,0.0,2024-06-16,21:00:00,0.0
Phoenix,2024-06-17 00:00:00,25.56,25.56,25.56,1012.0,82.0,4.0,overcast clouds,98,0.0,2024-06-17,00:00:00,0.0
Phoenix,2024-06-17 03:00:00,25.47,25.47,25.47,1011.0,83.0,4.09,overcast clouds,100,0.0,2024-06-17,03:00:00,0.0
Phoenix,2024-06-17 06:00:00,25.36,25.36,25.36,1012.0,83.0,3.36,light rain,100,0.12,2024-06-17,06:00:00,0.0
Phoenix,2024-06-17 09:00:00,26.84,26.84,26.84,1013.0,76.0,3.87,light rain,100,0.19,2024-06-17,09:00:00,0.0
Philadelphia,2024-06-12 12:00:00,28.15,28.15,28.15,1014.0,71.0,3.53,light rain,100,0.11,2024-06-12,12:00:00,0.0
Philadelphia,2024-06-12 15:00:00,28.0,27.7,28.0,1013.0,72.0,4.56,light rain,100,0.1,2024-06-12,15:00:00,0.3000000000000007
Philadelphia,2024-06-12 18:00:00,27.06,26.51,27.06,1013.0,77.0,4.27,overcast clouds,100,0.0,2024-06-12,18:00:00,0.5499999999999972
Philadelphia,2024-06-12 21:00:00,26.18,26.18,26.18,1014.0,81.0,3.76,overcast clouds,99,0.0,2024-06-12,21:00:00,0.0
Philadelphia,2024-06-13 00:00:00,26.06,26.06,26.06,1013.0,81.0,3.99,overcast clouds,100,0.0,2024-06-13,00:00:00,0.0
Philadelphia,2024-06-13 03:00:00,25.78,25.78,25.78,1012.0,81.0,3.56,overcast clouds,100,0.0,2024-06-13,03:00:00,0.0
Philadelphia,2024-06-13 06:00:00,25.3,25.3,25.3,1013.0,84.0,2.71,light rain,100,0.41,2024-06-13,06:00:00,0.0
Philadelphia,2024-06-13 09:00:00,27.85,27.85,27.85,1015.0,73.0,3.92,light rain,100,0.47,2024-06-13,09:00:00,0.0
Philadelphia,2024-06-13 12:00:00,28.58,28.58,28.58,1013.0,70.0,4.74,light rain,100,0.46,2024-06-13,12:00:00,0.0
Philadelphia,2024-06-13 15:00:00,27.58,27.58,27.58,1011.0,76.0,5.04,light rain,90,0.98,2024-06-13,15:00:00,0.0
Philadelphia,2024-06-13 18:00:00,25.81,25.81,25.81,1012.0,85.0,5.05,light rain,74,1.38,2024-06-13,18:00:00,0.0
Philadelphia,2024-06-13 21:00:00,25.16,25.16,25.16,1014.0,88.0,4.55,light rain,62,1.08,2024-06-13,21:00:00,0.0
Philadelphia,2024-06-14 00:00:00,25.3,25.3,25.3,1014.0,86.0,4.11,light rain,76,0.43,2024-06-14,00:00:00,0.0
Philadelphia,2024-06-14 03:00:00,25.13,25.13,25.13,1013.0,87.0,3.76,light rain,96,0.65,2024-06-14,03:00:00,0.0
Philadelphia,2024-06-14 06:00:00,25.06,25.06,25.06,1014.0,87.0,3.88,light rain,97,0.83,2024-06-14,06:00:00,0.0
Philadelphia,2024-06-14 09:00:00,26.75,26.75,26.75,1015.0,81.0,4.37,light rain,99,0.65,2024-06-14,09:00:00,0.0
Philadelphia,2024-06-14 12:00:00,27.98,27.98,27.98,1014.0,73.0,5.44,light rain,86,0.93,2024-06-14,12:00:00,0.0
Philadelphia,2024-06-14 15:00:00,28.07,28.07,28.07,1012.0,71.0,5.55,light rain,61,0.24,2024-06-14,15:00:00,0.0
Philadelphia,2024-06-14 18:00:00,26.39,26.39,26.39,1012.0,78.0,5.18,broken clouds,71,0.0,2024-06-14,18:00:00,0.0
Philadelphia,2024-06-14 21:00:00,26.07,26.07,26.07,1014.0,79.0,4.86,overcast clouds,96,0.0,2024-06-14,21:00:00,0.0
Philadelphia,2024-06-15 00:00:00,25.76,25.76,25.76,1013.0,80.0,4.08,overcast clouds,98,0.0,2024-06-15,00:00:00,0.0
Philadelphia,2024-06-15 03:00:00,25.48,25.48,25.48,1012.0,81.0,3.81,overcast clouds,100,0.0,2024-06-15,03:00:00,0.0
Philadelphia,2024-06-15 06:00:00,25.36,25.36,25.36,1013.0,82.0,3.16,light rain,100,0.14,2024-06-15,06:00:00,0.0
Philadelphia,2024-06-15 09:00:00,26.18,26.18,26.18,1014.0,79.0,3.86,overcast clouds,100,0.0,2024-06-15,09:00:00,0.0
Philadelphia,2024-06-15 12:00:00,28.78,28.78,28.78,1013.0,67.0,4.68,overcast clouds,93,0.0,2024-06-15,12:00:00,0.0
Philadelphia,2024-06-15 15:00:00,27.83,27.83,27.83,1011.0,72.0,6.04,light rain,69,0.16,2024-06-15,15:00:00,0.0
Philadelphia,2024-06-15 18:00:00,26.45,26.45,26.45,1012.0,78.0,5.28,broken clouds,76,0.0,2024-06-15,18:00:00,0.0
Philadelphia,2024-06-15 21:00:00,25.96,25.96,25.96,1014.0,79.0,4.5,broken clouds,73,0.0,2024-06-15,21:00:00,0.0
Philadelphia,2024-06-16 00:00:00,25.41,25.41,25.41,1013.0,83.0,4.04,broken clouds,69,0.0,2024-06-16,00:00:00,0.0
Philadelphia,2024-06-16 03:00:00,25.34,25.34,25.34,1011.0,83.0,3.88,overcast clouds,100,0.0,2024-06-16,03:00:00,0.0
Philadelphia,2024-06-16 06:00:00,25.36,25.36,25.36,1012.0,83.0,4.06,light rain,100,0.21,2024-06-16,06:00:00,0.0
Philadelphia,2024-06-16 09:00:00,26.22,26.22,26.22,1013.0,79.0,4.02,overcast clouds,100,0.0,2024-06-16,09:00:00,0.0
Philadelphia,2024-06-16 12:00:00,26.45,26.45,26.45,1013.0,77.0,3.84,overcast clouds,95,0.0,2024-06-16,12:00:00,0.0
Philadelphia,2024-06-16 15:00:00,25.19,25.19,25.19,1011.0,85.0,3.55,light rain,98,0.57,2024-06-16,15:00:00,0.0
Philadelphia,2024-06-16 18:00:00,25.5,25.5,25.5,1012.0,83.0,3.48,overcast clouds,99,0.0,2024-06-16,18:00:00,0.0
Philadelphia,2024-06-16 21:00:00,25.21,25.21,25.21,1013.0,84.0,3.24,overcast clouds,100,0.0,2024-06-16,21:00:00,0.0
Philadelphia,2024-06-17 00:00:00,24.93,24.93,24.93,1012.0,84.0,3.45,overcast clouds,93,0.0,2024-06-17,00:00:00,0.0
Philadelphia,2024-06-17 03:00:00,24.84,24.84,24.84,1012.0,84.0,3.02,overcast clouds,100,0.0,2024-06-17,03:00:00,0.0
Philadelphia,2024-06-17 06:00:00,24.71,24.71,24.71,1012.0,85.0,2.57,overcast clouds,99,0.0,2024-06-17,06:00:00,0.0
Philadelphia,2024-06-17 09:00:00,27.02,27.02,27.02,1013.0,74.0,3.57,light rain,100,0.13,2024-06-17,09:00:00,0.0
San Antonio,2024-06-12 12:00:00,29.25,28.79,29.25,1013.0,71.0,4.47,light rain,96,0.3,2024-06-12,12:00:00,0.46000000000000085
San Antonio,2024-06-12 15:00:00,29.04,28.62,29.04,1012.0,71.0,5.03,light rain,86,0.76,2024-06-12,15:00:00,0.41999999999999815
San Antonio,2024-06-12 18:00:00,27.36,26.42,27.36,1012.0,78.0,4.23,light rain,87,0.22,2024-06-12,18:00:00,0.9399999999999977
San Antonio,2024-06-12 21:00:00,25.49,25.49,25.49,1014.0,85.0,3.28,overcast clouds,99,0.0,2024-06-12,21:00:00,0.0
San Antonio,2024-06-13 00:00:00,25.18,25.18,25.18,1013.0,86.0,2.65,overcast clouds,99,0.0,2024-06-13,00:00:00,0.0
San Antonio,2024-06-13 03:00:00,24.71,24.71,24.71,1012.0,88.0,1.91,overcast clouds,100,0.0,2024-06-13,03:00:00,0.0
San Antonio,2024-06-13 06:00:00,24.63,24.63,24.63,1013.0,88.0,2.24,light rain,100,0.21,2024-06-13,06:00:00,0.0
San Antonio,2024-06-13 09:00:00,28.05,28.05,28.05,1015.0,73.0,3.71,overcast clouds,92,0.0,2024-06-13,09:00:00,0.0
San Antonio,2024-06-13 12:00:00,28.91,28.91,28.91,1013.0,71.0,4.65,light rain,95,1.22,2024-06-13,12:00:00,0.0
San Antonio,2024-06-13 15:00:00,28.03,28.03,28.03,1011.0,74.0,5.63,light rain,94,1.63,2024-06-13,15:00:00,0.0
San Antonio,2024-06-13 18:00:00,25.95,25.95,25.95,1012.0,84.0,4.92,light rain,89,0.44,2024-06-13,18:00:00,0.0
San Antonio,2024-06-13 21:00:00,24.95,24.95,24.95,1014.0,89.0,3.75,light rain,67,0.41,2024-06-13,21:00:00,0.0
San Antonio,2024-06-14 00:00:00,24.35,24.35,24.35,1014.0,92.0,2.97,light rain,74,0.76,2024-06-14,00:00:00,0.0
San Antonio,2024-06-14 03:00:00,24.15,24.15,24.15,1013.0,93.0,2.83,light rain,100,1.1,2024-06-14,03:00:00,0.0
San Antonio,2024-06-14 06:00:00,24.08,24.08,24.08,1013.0,92.0,3.03,light rain,100,0.74,2024-06-14,06:00:00,0.0
San Antonio,2024-06-14 09:00:00,27.02,27.02,27.02,1015.0,80.0,4.73,light rain,82,1.12,2024-06-14,09:00:00,0.0
San Antonio,2024-06-14 12:00:00,28.26,28.26,28.26,1014.0,74.0,6.4,light rain,88,1.13,2024-06-14,12:00:00,0.0
San Antonio,2024-06-14 15:00:00,28.12,28.12,28.12,1012.0,72.0,6.52,light rain,86,0.31,2024-06-14,15:00:00,0.0
San Antonio,2024-06-14 18:00:00,26.18,26.18,26.18,1012.0,80.0,5.19,overcast clouds,93,0.0,2024-06-14,18:00:00,0.0
San Antonio,2024-06-14 21:00:00,25.84,25.84,25.84,1014.0,81.0,4.13,overcast clouds,99,0.0,2024-06-14,21:00:00,0.0
San Antonio,2024-06-15 00:00:00,25.53,25.53,25.53,1013.0,81.0,3.97,overcast clouds,98,0.0,2024-06-15,00:00:00,0.0
San Antonio,2024-06-15 03:00:00,25.11,25.11,25.11,1012.0,84.0,3.37,light rain,99,0.13,2024-06-15,03:00:00,0.0
San Antonio,2024-06-15 06:00:00,24.98,24.98,24.98,1013.0,85.0,3.54,overcast clouds,100,0.0,2024-06-15,06:00:00,0.0
San Antonio,2024-06-15 09:00:00,26.37,26.37,26.37,1014.0,79.0,4.11,overcast clouds,96,0.0,2024-06-15,09:00:00,0.0
San Antonio,2024-06-15 12:00:00,29.25,29.25,29.25,1012.0,68.0,5.69,overcast clouds,86,0.0,2024-06-15,12:00:00,0.0
San Antonio,2024-06-15 15:00:00,28.01,28.01,28.01,1011.0,73.0,7.15,overcast clouds,88,0.0,2024-06-15,15:00:00,0.0
San Antonio,2024-06-15 18:00:00,26.3,26.3,26.3,1012.0,80.0,5.63,overcast clouds,91,0.0,2024-06-15,18:00:00,0.0
San Antonio,2024-06-15 21:00:00,25.99,25.99,25.99,1013.0,82.0,5.47,light rain,99,0.23,2024-06-15,21:00:00,0.0
San Antonio,2024-06-16 00:00:00,25.35,25.35,25.35,1013.0,84.0,3.96,light rain,96,0.18,2024-06-16,00:00:00,0.0
San Antonio,2024-06-16 03:00:00,24.43,24.43,24.43,1012.0,89.0,3.28,light rain,95,0.32,2024-06-16,03:00:00,0.0
San Antonio,2024-06-16 06:00:00,24.22,24.22,24.22,1012.0,91.0,3.31,light rain,96,0.11,2024-06-16,06:00:00,0.0
San Antonio,2024-06-16 09:00:00,26.63,26.63,26.63,1013.0,80.0,4.55,light rain,97,0.13,2024-06-16,09:00:00,0.0
San Antonio,2024-06-16 12:00:00,26.14,26.14,26.14,1013.0,82.0,4.32,light rain,99,0.23,2024-06-16,12:00:00,0.0
San Antonio,2024-06-16 15:00:00,25.75,25.75,25.75,1011.0,83.0,3.85,light rain,100,0.1,2024-06-16,15:00:00,0.0
San Antonio,2024-06-16 18:00:00,25.22,25.22,25.22,1011.0,85.0,3.37,overcast clouds,100,0.0,2024-06-16,18:00:00,0.0
San Antonio,2024-06-16 21:00:00,24.94,24.94,24.94,1013.0,86.0,1.75,overcast clouds,100,0.0,2024-06-16,21:00:00,0.0
San Antonio,2024-06-17 00:00:00,24.88,24.88,24.88,1012.0,86.0,2.92,overcast clouds,100,0.0,2024-06-17,00:00:00,0.0
San Antonio,2024-06-17 03:00:00,24.23,24.23,24.23,1012.0,89.0,1.82,overcast clouds,100,0.0,2024-06-17,03:00:00,0.0
San Antonio,2024-06-17 06:00:00,24.21,24.21,24.21,1012.0,88.0,2.13,light rain,100,0.19,2024-06-17,06:00:00,0.0
San Antonio,2024-06-17 09:00:00,27.12,27.12,27.12,1014.0,76.0,2.7,light rain,99,0.17,2024-06-17,09:00:00,0.0
San Diego,2024-06-12 12:00:00,28.03,28.03,28.03,1013.0,67.0,1.3,light rain,100,0.13,2024-06-12,12:00:00,0.0
San Diego,2024-06-12 15:00:00,28.42,28.42,29.19,1012.0,65.0,1.64,light rain,97,0.5,2024-06-12,15:00:00,0.7699999999999996
San Diego,2024-06-12 18:00:00,25.17,23.74,25.17,1012.0,86.0,1.78,light rain,95,1.75,2024-06-12,18:00:00,1.4300000000000033
San Diego,2024-06-12 21:00:00,22.38,22.38,22.38,1014.0,98.0,1.4,light rain,97,0.5,2024-06-12,21:00:00,0.0
San Diego,2024-06-13 00:00:00,21.83,21.83,21.83,1014.0,99.0,0.43,overcast clouds,98,0.0,2024-06-13,00:00:00,0.0
San Diego,2024-06-13 03:00:00,21.47,21.47,21.47,1013.0,100.0,0.81,overcast clouds,100,0.0,2024-06-13,03:00:00,0.0
San Diego,2024-06-13 06:00:00,21.35,21.35,21.35,1014.0,100.0,0.85,overcast clouds,100,0.0,2024-06-13,06:00:00,0.0
San Diego,2024-06-13 09:00:00,25.42,25.42,25.42,1015.0,82.0,1.66,overcast clouds,93,0.0,2024-06-13,09:00:00,0.0
San Diego,2024-06-13 12:00:00,26.5,26.5,26.5,1014.0,88.0,1.28,light rain,95,1.31,2024-06-13,12:00:00,0.0
San Diego,2024-06-13 15:00:00,26.94,26.94,26.94,1011.0,85.0,1.78,light rain,71,2.69,2024-06-13,15:00:00,0.0
San Diego,2024-06-13 18:00:00,23.49,23.49,23.49,1012.0,97.0,1.43,moderate rain,77,5.69,2024-06-13,18:00:00,0.0
San Diego,2024-06-13 21:00:00,22.54,22.54,22.54,1014.0,99.0,1.19,light rain,100,1.38,2024-06-13,21:00:00,0.0
San Diego,2024-06-14 00:00:00,22.37,22.37,22.37,1014.0,99.0,1.08,light rain,100,0.19,2024-06-14,00:00:00,0.0
San Diego,2024-06-14 03:00:00,22.21,22.21,22.21,1013.0,99.0,1.35,overcast clouds,100,0.0,2024-06-14,03:00:00,0.0
San Diego,2024-06-14 06:00:00,21.87,21.87,21.87,1014.0,99.0,1.25,overcast clouds,100,0.0,2024-06-14,06:00:00,0.0
San Diego,2024-06-14 09:00:00,24.64,24.64,24.64,1016.0,90.0,1.83,light rain,100,0.31,2024-06-14,09:00:00,0.0
San Diego,2024-06-14 12:00:00,25.68,25.68,25.68,1014.0,92.0,1.71,moderate rain,88,4.31,2024-06-14,12:00:00,0.0
San Diego,2024-06-14 15:00:00,25.77,25.77,25.77,1011.0,93.0,1.69,moderate rain,92,4.75,2024-06-14,15:00:00,0.0
San Diego,2024-06-14 18:00:00,23.53,23.53,23.53,1012.0,98.0,1.36,light rain,96,2.88,2024-06-14,18:00:00,0.0
San Diego,2024-06-14 21:00:00,22.38,22.38,22.38,1014.0,99.0,1.26,light rain,89,0.19,2024-06-14,21:00:00,0.0
San Diego,2024-06-15 00:00:00,22.22,22.22,22.22,1014.0,99.0,1.36,overcast clouds,91,0.0,2024-06-15,00:00:00,0.0
San Diego,2024-06-15 03:00:00,21.59,21.59,21.59,1013.0,100.0,0.57,overcast clouds,100,0.0,2024-06-15,03:00:00,0.0
San Diego,2024-06-15 06:00:00,21.33,21.33,21.33,1014.0,100.0,0.67,overcast clouds,94,0.0,2024-06-15,06:00:00,0.0
San Diego,2024-06-15 09:00:00,25.01,25.01,25.01,1014.0,84.0,2.05,broken clouds,70,0.0,2024-06-15,09:00:00,0.0
San Diego,2024-06-15 12:00:00,27.13,27.13,27.13,1013.0,72.0,2.14,light rain,77,0.13,2024-06-15,12:00:00,0.0
San Diego,2024-06-15 15:00:00,29.4,29.4,29.4,1010.0,62.0,2.33,light rain,80,0.13,2024-06-15,15:00:00,0.0
San Diego,2024-06-15 18:00:00,24.84,24.84,24.84,1012.0,86.0,2.27,light rain,61,0.94,2024-06-15,18:00:00,0.0
San Diego,2024-06-15 21:00:00,22.84,22.84,22.84,1014.0,95.0,1.72,few clouds,22,0.0,2024-06-15,21:00:00,0.0
San Diego,2024-06-16 00:00:00,21.9,21.9,21.9,1014.0,98.0,1.33,few clouds,24,0.0,2024-06-16,00:00:00,0.0
San Diego,2024-06-16 03:00:00,22.19,22.19,22.19,1012.0,96.0,1.6,overcast clouds,85,0.0,2024-06-16,03:00:00,0.0
San Diego,2024-06-16 06:00:00,21.38,21.38,21.38,1013.0,99.0,0.87,overcast clouds,92,0.0,2024-06-16,06:00:00,0.0
San Diego,2024-06-16 09:00:00,24.03,24.03,24.03,1014.0,89.0,1.7,light rain,98,0.13,2024-06-16,09:00:00,0.0
San Diego,2024-06-16 12:00:00,25.0,25.0,25.0,1013.0,88.0,1.54,light rain,99,1.75,2024-06-16,12:00:00,0.0
San Diego,2024-06-16 15:00:00,23.7,23.7,23.7,1011.0,95.0,1.05,light rain,100,1.75,2024-06-16,15:00:00,0.0
San Diego,2024-06-16 18:00:00,23.73,23.73,23.73,1011.0,94.0,1.36,overcast clouds,94,0.0,2024-06-16,18:00:00,0.0
San Diego,2024-06-16 21:00:00,22.25,22.25,22.25,1013.0,97.0,1.71,overcast clouds,88,0.0,2024-06-16,21:00:00,0.0
San Diego,2024-06-17 00:00:00,21.25,21.25,21.25,1013.0,99.0,0.35,overcast clouds,92,0.0,2024-06-17,00:00:00,0.0
San Diego,2024-06-17 03:00:00,21.27,21.27,21.27,1012.0,99.0,0.52,overcast clouds,100,0.0,2024-06-17,03:00:00,0.0
San Diego,2024-06-17 06:00:00,21.95,21.95,21.95,1013.0,97.0,0.33,overcast clouds,100,0.0,2024-06-17,06:00:00,0.0
San Diego,2024-06-17 09:00:00,23.18,23.18,23.18,1014.0,95.0,0.28,light rain,100,0.19,2024-06-17,09:00:00,0.0
Dallas,2024-06-12 12:00:00,29.23,29.23,30.44,1013.0,74.0,3.41,light rain,75,0.5,2024-06-12,12:00:00,1.2100000000000009
Dallas,2024-06-12 15:00:00,29.55,29.55,30.2,1012.0,70.0,4.22,light rain,78,1.75,2024-06-12,15:00:00,0.6499999999999986
Dallas,2024-06-12 18:00:00,28.04,27.45,28.04,1012.0,73.0,4.16,light rain,86,0.38,2024-06-12,18:00:00,0.5899999999999999
Dallas,2024-06-12 21:00:00,26.0,26.0,26.0,1014.0,82.0,3.23,overcast clouds,92,0.0,2024-06-12,21:00:00,0.0
Dallas,2024-06-13 00:00:00,25.35,25.35,25.35,1014.0,85.0,2.17,overcast clouds,95,0.0,2024-06-13,00:00:00,0.0
Dallas,2024-06-13 03:00:00,24.68,24.68,24.68,1012.0,89.0,1.4,overcast clouds,100,0.0,2024-06-13,03:00:00,0.0
Dallas,2024-06-13 06:00:00,24.56,24.56,24.56,1013.0,89.0,1.33,overcast clouds,100,0.0,2024-06-13,06:00:00,0.0
Dallas,2024-06-13 09:00:00,28.53,28.53,28.53,1015.0,69.0,3.14,overcast clouds,99,0.0,2024-06-13,09:00:00,0.0
Dallas,2024-06-13 12:00:00,29.62,29.62,29.62,1013.0,67.0,3.85,light rain,99,1.56,2024-06-13,12:00:00,0.0
Dallas,2024-06-13 15:00:00,28.35,28.35,28.35,1011.0,73.0,4.06,light rain,99,3.0,2024-06-13,15:00:00,0.0
Dallas,2024-06-13 18:00:00,27.01,27.01,27.01,1012.0,77.0,4.37,light rain,97,0.25,2024-06-13,18:00:00,0.0
Dallas,2024-06-13 21:00:00,25.35,25.35,25.35,1014.0,87.0,3.13,light rain,68,0.13,2024-06-13,21:00:00,0.0
Dallas,2024-06-14 00:00:00,24.59,24.59,24.59,1014.0,91.0,2.3,light rain,82,0.19,2024-06-14,00:00:00,0.0
Dallas,2024-06-14 03:00:00,24.03,24.03,24.03,1013.0,93.0,2.32,light rain,100,0.25,2024-06-14,03:00:00,0.0
Dallas,2024-06-14 06:00:00,23.89,23.89,23.89,1014.0,94.0,2.0,overcast clouds,100,0.0,2024-06-14,06:00:00,0.0
Dallas,2024-06-14 09:00:00,28.06,28.06,28.06,1015.0,73.0,4.42,light rain,67,0.19,2024-06-14,09:00:00,0.0
Dallas,2024-06-14 12:00:00,29.29,29.29,29.29,1013.0,67.0,5.22,light rain,79,0.94,2024-06-14,12:00:00,0.0
Dallas,2024-06-14 15:00:00,29.48,29.48,29.48,1011.0,65.0,5.42,light rain,100,0.5,2024-06-14,15:00:00,0.0
Dallas,2024-06-14 18:00:00,26.95,26.95,26.95,1012.0,74.0,5.08,overcast clouds,99,0.0,2024-06-14,18:00:00,0.0
Dallas,2024-06-14 21:00:00,25.79,25.79,25.79,1014.0,80.0,2.94,overcast clouds,100,0.0,2024-06-14,21:00:00,0.0
Dallas,2024-06-15 00:00:00,25.73,25.73,25.73,1013.0,81.0,2.8,overcast clouds,98,0.0,2024-06-15,00:00:00,0.0
Dallas,2024-06-15 03:00:00,25.3,25.3,25.3,1012.0,82.0,2.46,overcast clouds,100,0.0,2024-06-15,03:00:00,0.0
Dallas,2024-06-15 06:00:00,25.05,25.05,25.05,1013.0,84.0,2.68,overcast clouds,100,0.0,2024-06-15,06:00:00,0.0
Dallas,2024-06-15 09:00:00,28.32,28.32,28.32,1014.0,67.0,5.04,broken clouds,68,0.0,2024-06-15,09:00:00,0.0
Dallas,2024-06-15 12:00:00,31.25,31.25,31.25,1012.0,57.0,5.13,broken clouds,69,0.0,2024-06-15,12:00:00,0.0
Dallas,2024-06-15 15:00:00,30.51,30.51,30.51,1010.0,62.0,5.59,light rain,85,0.13,2024-06-15,15:00:00,0.0
Dallas,2024-06-15 18:00:00,27.06,27.06,27.06,1012.0,74.0,5.15,light rain,92,0.13,2024-06-15,18:00:00,0.0
Dallas,2024-06-15 21:00:00,25.85,25.85,25.85,1013.0,82.0,3.86,light rain,88,1.63,2024-06-15,21:00:00,0.0
Dallas,2024-06-16 00:00:00,25.51,25.51,25.51,1013.0,84.0,3.55,overcast clouds,94,0.0,2024-06-16,00:00:00,0.0
Dallas,2024-06-16 03:00:00,24.5,24.5,24.5,1012.0,88.0,2.74,overcast clouds,86,0.0,2024-06-16,03:00:00,0.0
Dallas,2024-06-16 06:00:00,24.29,24.29,24.29,1012.0,89.0,2.58,overcast clouds,92,0.0,2024-06-16,06:00:00,0.0
Dallas,2024-06-16 09:00:00,27.05,27.05,27.05,1013.0,76.0,4.61,overcast clouds,93,0.0,2024-06-16,09:00:00,0.0
Dallas,2024-06-16 12:00:00,26.72,26.72,26.72,1013.0,78.0,3.71,light rain,97,0.5,2024-06-16,12:00:00,0.0
Dallas,2024-06-16 15:00:00,26.01,26.01,26.01,1011.0,81.0,4.0,light rain,100,0.31,2024-06-16,15:00:00,0.0
Dallas,2024-06-16 18:00:00,25.55,25.55,25.55,1011.0,82.0,3.4,overcast clouds,100,0.0,2024-06-16,18:00:00,0.0
Dallas,2024-06-16 21:00:00,24.86,24.86,24.86,1013.0,87.0,2.44,overcast clouds,100,0.0,2024-06-16,21:00:00,0.0
Dallas,2024-06-17 00:00:00,24.57,24.57,24.57,1012.0,90.0,0.81,light rain,100,0.19,2024-06-17,00:00:00,0.0
Dallas,2024-06-17 03:00:00,24.19,24.19,24.19,1012.0,91.0,0.9,overcast clouds,100,0.0,2024-06-17,03:00:00,0.0
Dallas,2024-06-17 06:00:00,23.66,23.66,23.66,1013.0,91.0,1.32,overcast clouds,100,0.0,2024-06-17,06:00:00,0.0
Dallas,2024-06-17 09:00:00,27.4,27.4,27.4,1014.0,74.0,1.69,overcast clouds,99,0.0,2024-06-17,09:00:00,0.0